Profile,Post,Create Date,Likes,Comments,Captions
medicalmedium,https://www.instagram.com/medicalmedium/p/DGOasfwy108/,"2/18/2025, 12:05:42 PM",18004,7974,"Medical Medium Angels, Demons & Spiritual Tools ‚Äì Original Audio PREORDER NOW

Have you ever wondered why things go wrong or felt the despair of broken dreams, constant destruction, and lost faith? This is the wake-up call you need. The answers‚Äîand your power to rise up‚Äîare here. Discover the spiritual truths hidden behind the chaos of our lives and our world.

Why does positive thinking shatter despite our best efforts? Why does negativity so often seem to win? For nearly four decades, people have sought Medical Medium Anthony William‚Äôs wisdom on the mysteries of the afterlife and after-death, the forces of good and evil, and the supernatural influences that seem to undermine our lives. Finally, Anthony has decided to go public with these groundbreaking teachings to unveil the unseen forces shaping our reality.

In this first installment of the Spiritual Receptions and Prophecies Series, Anthony reveals the truth behind psychic attacks, bullying, possession, angelic intervention, the true meaning of enlightenment, and how to reshape your soul‚Äîno matter your belief system. Whether you conceive of destructive forces as negative energy, dark energy, entities, or literal demons, the time to protect yourself and your loved ones is now.

Medical Medium Angels, Demons & Spiritual Tools is more than a prophecy‚Äîit‚Äôs a spiritual survival guide for navigating the unseen battles around us, including the ongoing spiritual war between demons and angels. This audio exposes the root causes of chaos, suffering, and misfortune‚Äîand arms you with powerful tools to reclaim your life. Explore where demons lurk and learn how to weaken toxic energy, get a demon off your trail, and even purify some negative entities out of existence with Spiritual Lights of Free Will. As Anthony says, ‚ÄúYou‚Äôre equipped to battle the part of the supernatural realm that tries to work against us.‚Äù

This isn‚Äôt just an original audio ‚Äîit‚Äôs a lifeline. Anthony William invites you to step into your spiritual power. Don‚Äôt wait‚Äîpreorder today and protect yourself from the forces shaping your reality.

Comment ‚ÄúPREORDER‚Äù and we will send you the link!"
medicalmedium,https://www.instagram.com/medicalmedium/reel/DKz_GA3SRcf/,"6/12/2025, 12:24:19 PM",13177,4321,"Repost from @medicalmedium
‚Ä¢
Aloe Vera Shock Therapy

Do you suffer from stomach pain, acid reflux, ulcers, H. Pylori, Crohn‚Äôs, Colitis, IBS, bloating, intestinal cramping, gastritis, SIBO, constipation, diverticulitis or diverticulosis? If you have one or more of these conditions or have stomach issues in general, then you should know about Medical Medium Aloe Vera Shock Therapy and ask your doctor what they think about this food.

People with mystery stomach and intestinal tract problems have found powerful results and even in some situations avoided surgeries because of the healing power of Aloe Vera Shock Therapy. The goal with using aloe is to slow down and eventually stop intestinal tract spasms, bring inflammation down, coat the gut linings, neutralize acids and inhibit bacterial and viral growth as well as yeast, unproductive fungus and mold growth.

To do the Medical Medium Aloe Vera Shock Therapy, for an adult, consume two to four inches of fresh aloe vera gel, skin removed, every two to four waking hours for up to seven days consecutively.

Comment ALOE for a link on this protocol and other tools to heal

Have you ever eaten fresh aloe vera?"
medicalmedium,https://www.instagram.com/medicalmedium/reel/CnwuV3eI00-/,"1/23/2023, 7:43:07 AM",43168,3330,"Watch This Before You Get Your Blood Drawn

Did you know that getting blood drawn removes some of your immune system? This is original Medical Medium information. When you‚Äôre sick or symptomatic, your immune system is already weakened, and getting blood drawn can weaken it even more. This is the reason why many people get sicker in the weeks and months after getting a lot of blood drawn. This can create a viscous cycle that leads to people becoming sicker than ever before. 

Getting blood work can be important at times and you should always work with your doctor on what is best for you. But there are steps and tools you can put in place to protect your immune system before, during, and after getting blood drawn. Watch this video to find out more, and learn all about how to take care of yourself when you‚Äôre getting blood drawn in Brain Saver - https://geni.us/brain-saver 

#medicalmedium"
medicalmedium,https://www.instagram.com/medicalmedium/p/DK7cvMguKVk/,"6/15/2025, 9:54:56 AM",5608,1258,"Medical Medium Heavy Metal Detox

Comment HEAVY METAL DETOX and we will send you link to smoothie recipe now

Toxic heavy metals are behind some of the most widespread health issues today: ADHD, autism, Alzheimer‚Äôs, infertility, Crohn‚Äôs, ulcerative colitis, depression, anxiety, cancers, seizures, and more. These metals are also fuel for viruses, and it‚Äôs these viruses that are the unknown cause of so many chronic mystery illnesses today.

Lead, mercury, copper, cadmium, nickel, arsenic, and aluminum can all build up in the body to create or contribute to illness. When was the last time you used aluminum foil? Or perhaps you live in a house with copper pipes. Or you regularly walk through a park treated with pesticides (which often contain toxic heavy metals). Potential exposure is everywhere, and sometimes unavoidable. It‚Äôs even falling out of the sky in vapors. In some cases, the heavy metals in our cells have nothing to do with exposure in our lifetime. Mercury, the most corrupting of the toxic heavy metals, can easily stick around in a bloodline for millennia, passed from generation to generation, amplifying as it goes. So the mercury in a child‚Äôs cerebral midline canal that‚Äôs causing his autistic symptoms could have been mined 3,000 years ago‚Äîand could be causing more trouble now than ever before.

On their own, these heavy metals are poisons. But they also tend to oxidize, causing even more problems, such as toxic runoff that damages any tissue in its path. Toxic heavy metals aren‚Äôt just a problem in the brain. When they‚Äôre present anywhere in the body, they lower overall immunity and act as fuel for viruses and bacteria.‚Äù - Excerpt from Life-Changing Foods

To safely and effectively remove metals from your body, focus on eating the below five foods that work synergistically together every day.

Wild blueberries
Fresh Cilantro
Spirulina
Barley grass juice powder
Atlantic dulse

Comment HEAVY METAL DETOX and we will send you link to smoothie recipe now"
medicalmedium,https://www.instagram.com/medicalmedium/reel/DK70D3KyPj9/,"6/15/2025, 1:19:59 PM",8071,915,"THIS TOOL HAS BEEN CHANGING PEOPLE‚ÄôS LIVES FOR DECADES

Comment HMDS and we will DM you the link

The Medical Medium Heavy Metal Detox has been helping change people‚Äôs lives for decades, including helping with brain fog, eczema, migraines, anxiety, depression, OCD, memory loss, addictions, autism, psoriasis, ADHD, and much more. I recommended it for years before I published it in the first Medical Medium book in 2014 over a decade ago. 

GRAB & GO HEAVY METAL DETOX SMOOTHIES AT 10 EREWHON LOCATIONS

Now I am thrilled that it has become more accessible than ever before with all locations of the legendary Erewhon market in LA now stocking the Medical Medium Heavy Metal Detox Smoothies in glass bottles in their cold-pressed juice and smoothie section of their stores.

This is an incredible opportunity for those of you who live in or near LA, or for those visiting the area, to quickly and easily pick up a grab-and-go Medical Medium Heavy Metal Detox Smoothie. Erewhon makes the smoothies every day so they will be fresh, cold, and ready to enjoy and receive their healing benefits.

If you normally make your smoothie at home, you can now give yourself a break some days by picking it up at any of Erewhon‚Äôs locations. Or if you‚Äôre struggling with symptoms that make it hard to be in the kitchen, you don‚Äôt have a blender, or you simply enjoy the convenience of having your smoothie made for you, you can get your smoothie at the Erewhon locations instead.

I know it‚Äôs so difficult to be struggling with chronic illnesses, symptoms, and conditions, along with all the other challenges life can bring our way. That‚Äôs why having this opportunity to easily get your Heavy Metal Detox Smoothies at Erewhon is so special. Anything that makes healing more accessible to people is something I‚Äôm very thankful for.

Erewhon‚Äôs locations can be found on their website. Comment HMDS and we will DM you the link to their website."
medicalmedium,https://www.instagram.com/medicalmedium/reel/DK-vHi1tAKS/,"6/16/2025, 4:34:37 PM",11150,693,"‚úàÔ∏è Birds Are Getting Caught In The Chemtrails

Comment LISTEN to be DM‚Äôd the link to this powerful podcast episode.

Birds, in large numbers, fall victim to Chemtrails and Geoengineering trails every day.

It‚Äôs not just birds that live in areas of the world regardless of what season it is, but instead, birds in large swarms and flocks traveling long distances in search of food, water and good weather.

These are the birds in the greatest danger that become impacted the most by wrongful death from Chemtrail programs and Geoengineering programs.

Birds are dying in droves, falling out of the sky, and many times, right in front of people in the streets.

It is actually raining birds and they‚Äôre hitting the ground either dead or in the process of dying.

In Episode 7 of the Chemtrail and Geoengineering Series, we are covering the crime against our birds and how far the darkness really goes when it comes to the senseless killing of nature‚Ä¶

Comment LISTEN to be DM‚Äôd the link to this powerful podcast episode."
medicalmedium,https://www.instagram.com/medicalmedium/p/DKzh7SIu4M0/,"6/12/2025, 8:06:21 AM",4856,473,"Aloe Vera Shock Therapy

Comment ALOE THERAPY to get link now

Medical Medium Aloe Vera Shock Therapy is an original Medical Medium healing tool from Brain Saver Protocols, Cleanses & Recipes. Many people struggle with gastrointestinal pain that radiates all through the abdomen and torso without realizing that it originates from the stomach or intestinal tract. Aloe vera has chemical compounds that neutralize acid and calm nerves in the intestinal tract linings, slowing down and stopping intestinal spasms. Aloe neutralizes acids and inhibits bacterial and viral growth as well as yeast, unproductive fungus, and mold growth. Aloe vera also soothes the linings of the intestinal tract, calming inflamed intestinal tract nerves, inhibiting gastric nerve spasms, and alleviating pressure on the vagus nerves.

Suggested Applications for Medical Medium Aloe Vera Shock Therapy:

Stomach pain, gastrointestinal pain, intestinal and stomach pain that rises into the chest or runs through the back and up to the neck and shoulders, colitis, IBS, Crohn‚Äôs, celiac, acid reflux, ulcers, stomach burning, H. pylori, SIBO, stomach pain shortly after eating a meal, stomach and intestinal cramping, gastritis, severe bloating that‚Äôs painful, constipation, acid attacks, gastroparesis.

Medical Medium Aloe Vera Shock Therapy Directions:

For an adult, consume 2 to 4 inches of fresh aloe vera gel (skin removed) every two to four waking hours.

Continue this therapy for one to seven days.

After three or more days off Aloe Vera Shock Therapy, you‚Äôre welcome to cycle through one to seven days of the therapy again. In between rounds of Aloe Vera Shock Therapy, you can do 2 or more inches of fresh aloe vera gel daily or twice a day.

To prepare the aloe gel, carefully slice open your 2- to 4-inch piece of aloe vera leaf, filleting it as if it were a fish and trimming away the green skin and spikes. Scoop out the clear gel.

Make sure you do not use the skin. As you‚Äôre scooping out the aloe gel, try not to scrape the skin. The chemical compound in the green skin can be irritating for some people.

CONTINUED BELOW

Comment ALOE THERAPY to get link now"
medicalmedium,https://www.instagram.com/medicalmedium/p/DK-I5Z9OfmU/,"6/16/2025, 10:59:18 AM",2417,413,"Insomnia

Trouble sleeping can sometimes be as simple as a racing mind that‚Äôs trying to solve a problem, stress, or worry in your life. We don‚Äôt need to stress ourselves out over a bad night or two. When sleeping problems become chronic, that‚Äôs when there‚Äôs more going on. Neurotransmitter chemicals are one critical part of being able to sleep. Electricity is running through every neuron as we‚Äôre sleeping. If neurotransmitters are diminished, electrical impulses have a tough time traveling throughout the brain. Low neurotransmitter chemicals or weakened ones can cause the brain to have difficulty finding balance so you can ease into sleep and stay there.

Someone may also have a sensitive nervous system due to a chronic, low-grade infection in the liver of a virus such as EBV or shingles, which often goes undiagnosed. Neurotoxins breaking out of the liver and traveling through the bloodstream can reach the brain, where they saturate, pollute, and diminish neurotransmitter chemicals. This is especially true if someone‚Äôs diet is not conducive to protecting them from viruses and building up neurotransmitter activity.

Often people with toxic heavy metals inside the brain have difficulty sleeping from toxic heavy metals oxidizing and affecting neurotransmitter chemicals. In cases of very chronic, serious insomnia, it‚Äôs usually a combination of both toxic heavy metals in the brain and a low-grade viral infection in the body. Toxic heavy metals and viruses weaken the central nervous system just enough to constantly disturb someone‚Äôs sleep or to make it very difficult to fall asleep in the first place.

Body aches and pains from low-grade viral infection or injury can also create insomnia. So can pharmaceuticals that make a liver sluggish and stagnant while feeding a low-grade infection of a virus such as EBV.

Comment INSOMNIA for a link to specific healing support, including a supplement protocol with dosages in Brain Saver and Brain Saver Protocols, Cleanses & Recipes"
medicalmedium,https://www.instagram.com/medicalmedium/reel/DK2H_OIur2G/,"6/13/2025, 8:20:34 AM",4874,366,"Brain Soother Juice: A Brain Saver Recipe

Comment RECIPE for a link to be sent to you now

When life surprises us with high stress and intense moments, our brain can overheat, and we can lose precious electrolyte and glucose reserves. This tonic helps calm the mind and cool the brain down from overheating while replenishing reserves.

Cucumber juice has a fountain-of-youth effect, hydrating us at the deepest cellular level possible. Plus, cucumbers‚Äô cooling effect makes them excellent for cooling an overheated brain. 

Celery juice provides mineral salts (namely, sodium cluster salts, a subgroup of sodium only found in celery juice) to the central nervous system.

Apples calm your system by reducing viral and bacterial loads that create inflammation, helping to reduce encephalitis (brain inflammation).

Fennel is high in vitamin C and other strong antiviral compounds that fight off pathogens.

This recipe comes from Brain Saver Protocols, Cleanses & Recipes, the companion book to Medical Medium Brain Saver. These two essential books about our most complex organ‚Äîthe brain‚Äîdive deep into why people all over the world are suffering with mental health and brain-related symptoms and conditions. Brain Saver unveils the why behind more than 100 brain- and nervous system‚Äìrelated symptoms, diseases, and disorders; Brain Saver Protocols, Cleanses & Recipes reveals the truth about how to heal in even more detail (including cleanses, recipes, supplement protocols, and so much more). 

Brain Soother Juice

Ingredients:
2 medium cucumbers 
6 stalks celery 
2 medium apples 
1 whole bulb fennel

Directions:
Run all the ingredients through the juicer of your choice. 

Serve immediately.

Tips:
When juicing fennel for this recipe, you can use only the bulb or the bulb plus the lower part of the stalks.

Makes 1 serving

Comment RECIPE for this and over 100 more healing recipes in Brain Saver Protocols, Cleanses, & Recipes"
medicalmedium,https://www.instagram.com/medicalmedium/p/DK4zoPuOYh8/,"6/14/2025, 9:17:15 AM",6813,350,"If you are struggling with chronic illness, always remember that your body is working hard for you every day, fighting for you to heal, and that your body has your back and loves you unconditionally. Always know that you are a good person. Pat yourself on the back and always have compassion for yourself. Do not judge yourself because you became ill. You did not create your illness and you do not deserve to be chronically ill. 

It‚Äôs hard to have clarity when a person can‚Äôt find the answers they need to complete deep healing. It‚Äôs hard to keep clarity when others do not know their suffering and struggles and it‚Äôs sometimes hard to see straight when someone is in pain, fighting for their lives on an hourly basis, but always remember: you can heal and healing is what your body understands. Every little powerful tool you apply to your health rings through your body and sounds off your healing powers. Your body holds these healing powers and they are always there, ready to be ignited. 

As you go to bed at night, remember there is an audience and you are not truly alone. Call upon the angels and ask them to be by your bedside‚Äîthey are watching you and when you wake up in the morning, know that God is there watching over you and knows about your struggles. He sees you throughout the night and knows you are working hard every day on your healing. God knows what a good soul you are and what kind of soul you are. Chronic illness does not govern over every aspect of who you are but instead becomes a profound spiritual growth experience that can only come from the struggles of once being sick. Just around the corner comes the day you will look back at it all while being healthy again‚Äîyou will see it from a distance and have a knowing wisdom to carry throughout this lifetime.

Comment HEALING to receive a link to this advertisement-free podcast on Apple & Spotify.

In this episode‚Ä¶

Discover how when a person is chronically ill, they aren‚Äôt alone and that there is an audience around them from above seeing their struggles and journey.

Find out how you deserve to heal, and becoming sick with symptoms and conditions isn‚Äôt your fault"
medicalmedium,https://www.instagram.com/medicalmedium/p/DK2w2bmS4eG/,"6/13/2025, 2:14:29 PM",4450,317,"üåüNEW EPISODEüåüYour Healing Is Holy: You‚Äôre Seen From AboveüéôÔ∏è

Comment ‚ÄúHOLY‚Äù to be sent the link to listen to this advertisement-free podcast on Apple & Spotify.

In this episode‚Ä¶

Discover how when a person is chronically ill, they aren‚Äôt alone and that there is an audience around them from above seeing their struggles and journey.

Learn how your body is fighting for you every day to heal.

Find out how you deserve to heal, and becoming sick with symptoms and conditions isn‚Äôt your fault.

Learn how your body loves you unconditionally.

Hear about how every powerful little tool you use for your healing can move you forward.

Learn how it‚Äôs easy to be conditioned into believing you‚Äôre a bad person and you‚Äôre the cause of your sickness, but it‚Äôs not truth.

Find out how easy it is to lose confidence when you‚Äôre not feeling well and how it should be the opposite because you can heal.

Learn about what happens after you heal and how people will see your wisdom.

Know how different life will be when looking back at the past when you were sick from the vantage of being healed.

All this and more, tune in and don‚Äôt miss out on this important episode. You can revisit this episode anytime you need it.

Comment ‚ÄúHOLY‚Äù to be sent the link to listen to this advertisement-free podcast on Apple & Spotify."
medicalmedium,https://www.instagram.com/medicalmedium/p/DK2M36COPTJ/,"6/13/2025, 9:00:07 AM",3401,259,"Difficulty Coping 
 
People should never be blamed for a struggle to cope. What‚Äôs really happening is a sensitive central nervous system and neurotransmitters that are weakened. The person is not weak. You could be the strongest person with the strongest will, spirit, personality, and nature‚Äîand when neurotransmitters are affected in some way, it makes it tough to deal with some of life‚Äôs challenges. Neurotransmitter disorders are common for anybody dealing with ME/CFS or any kind of autoimmune condition. Toxic heavy metal loads and viral loads combined create a lot of neurotoxins, which weaken neurotransmitters. When this is coupled with adrenal issues and other symptoms, it can be difficult to cope with any additional stressor that comes your way. 
 
Not that you need to be diagnosed with a condition to have trouble coping. Toxic heavy metals in the areas of the brain that help us process emotional information and maintain equilibrium when navigating challenges can make difficult times in life even more difficult. Heavy metals dampen and hamper neurotransmitter activity. That could cause someone to retreat or procrastinate during a time of emotional stress, which can lead to not feeling able to look at a document they‚Äôre supposed to look at, contact someone they‚Äôre supposed to contact, or generally ‚Äúdeal.‚Äù 
 
There are also cases where someone can be very accomplished, with incredible grit, in one area of life and yet have an emotional sore spot or a soul injury with a PTSD pocket. Consider a super athlete with a strong personality, for example, who wakes up early every morning to run 20 miles, and yet you bring up a particular subject, and they can‚Äôt cope. Once again, that‚Äôs from heavy metals in certain areas of the brain creating little blocks. That will happen especially if someone has an emotional wound around the subject. Heavy metals and emotional wounds can cluster together in the brain by happenstance, making the wound or injury that much easier to trigger. 
 
Comment COPING to find out how to heal in Brain Saver and Brain Saver Protocols, Cleanses & Recipes. 

Have you or someone you know ever felt it was difficult to cope at some point?"
medicalmedium,https://www.instagram.com/medicalmedium/reel/DCWz073usqy/,"11/14/2024, 8:16:03 AM",7150,249,"Repost from @riotous2righteous
‚Ä¢
Compelling healing testimonies that stand tall on their own merit üåü

#medicalmedium"
medicalmedium,https://www.instagram.com/medicalmedium/reel/DK98uqlOekV/,"6/16/2025, 9:14:01 AM",4211,200,"Wild Blueberry Porridge {Gluten-Free, Dairy-Free, & Fat-Free} A Cleanse To Heal Recipe

Comment RECIPE and we will send it to you now

This recipe uses millet or gluten-free oatmeal with the addition of a secret weapon: wild blueberries. These little purple gems offer an explosion of delicious flavor, and their healing properties for the liver and the rest of the body are a true miracle.

Wild blueberries contain dozens of undiscovered antioxidants, including anthocyanin varieties. There‚Äôs not just one pigment inside a wild blueberry; there are dozens of pigments not yet researched or studied. The wild blueberry is to the liver as mother‚Äôs milk is to a baby. Not only do wild blueberries have the ability to grab on to plenty of troublemakers, but they also hold on to them as they leave the liver, in a way that most other healing foods cannot. The pigments in wild blueberries have the ability to saturate deep into liver cells and cross cell walls and membranes inside the liver, spreading their blue everywhere. Wild blueberries enhance the intestinal tract, feeding good bacteria there, which benefits the liver greatly.

Wild Blueberry Porridge

Ingredients:

1 cup millet or gluten-free oat flour
2 cups water; more if needed
¬Ω tsp cinnamon 
¬Ω cup wild blueberries
2 tbsps fresh wild or cultivated blueberries, or frozen wild blueberries, for garnish
Pure maple syrup or raw honey, to taste
Directions:

Place the millet, water, and cinnamon in a small saucepan, stir, and bring it to a boil. Add more water if needed. Reduce to a simmer, cover, and cook until soft, about 10 to 15 minutes, stirring intermittently. Once it‚Äôs cooked, remove the saucepan from the heat, cover it, and let it sit for a few minutes. 

Alternatively, place the oats, water, and cinnamon in a small saucepan and bring to a simmer. Add more water if needed. Cover and cook until soft, about 5 to 10 minutes. 

Stir in the wild blueberries and maple syrup to taste. Serve topped with the 2 tablespoons of blueberries.

Comment RECIPE and we will send it to you now"
medicalmedium,https://www.instagram.com/medicalmedium/reel/DKzWKZ_Og2W/,"6/12/2025, 6:24:00 AM",3543,166,"Aloe Grape Slushy

Comment ALOE for link to recipe

Get the incredible healing benefits of aloe vera in this sweet grape slushy. Refreshing and delicious, this slushy makes a wonderful light breakfast or snack. If you suffer with constipation, you might find the combination of grapes and aloe vera in this drink brings you welcome relief!

Grapes contain high amounts of powerful antioxidants known as bioflavonoids, resveratrol, and anthocyanins. These phytochemicals are anti-inflammatory, anti-viral, anti-microbial, anti-aging, and anti-cancerous and provide protection against anemia, degenerative nerve diseases, heart disease, viral and fungal infections, Alzheimer‚Äôs, and autoimmune disorders. Grapes can also help provide relief from asthma, migraines, constipation, gastritis, chronic acidosis, indigestion, kidney disorders, fatigue, and vision problems.

Fresh aloe leaf gel binds onto toxic debris in the intestinal tract and carries it out of the colon during elimination. Aloe also reduces poisons and toxins in the intestinal tract so that they don‚Äôt travel up to the liver. It expels and diminishes ammonia inside the intestinal tract that otherwise seeps into the liver when food is putrefying due to low hydrochloric acid and bile production.

Aloe also works wonders for assimilation, circulation, and elimination. It is known to purify the blood, reduce inflammation, ease arthritis pain, prevent kidney stones, lower high cholesterol, prevent Candida, boost physical endurance, benefit cardiovascular health, and protect the body from oxidative stress. Aloe soothes ulcers, hemorrhoids, gastritis, diverticulitis, colitis, irritable bowel syndrome, and other digestive disorders. Aloe provides recovery from fatigue and aids in muscle function as well as optimal utilization of several vitamins, minerals, and enzymes. Its alkaline nature helps to soothe acidosis and alkalinize the whole body.

Aloe Grape Slushy

Ingredients:

2‚Äù-4‚Äù fresh aloe leaf gel
2 cups frozen seedless black or purple grapes
splash of water, if needed to blend

Directions:

Place all the ingredients in a blender and blend until smooth. Serve immediately.

Comment ALOE for link to recipe"
medicalmedium,https://www.instagram.com/medicalmedium/reel/DK6_pZwOWyA/,"6/15/2025, 5:41:29 AM",5947,140,"üíî A Podcast For Those Who Are Looking To Heal

Comment ANGELS to be DM‚Äôd the link to this powerful podcast episode.

In this episode‚Ä¶

Discover how when a person is chronically ill, they aren‚Äôt alone and that there is an audience around them from above seeing their struggles and journey.

Learn how your body is fighting for you every day to heal.

Find out how you deserve to heal, and becoming sick with symptoms and conditions isn‚Äôt your fault.

Learn how your body loves you unconditionally.

Hear about how every powerful little tool you use for your healing can move you forward.

Learn how it‚Äôs easy to be conditioned into believing you‚Äôre a bad person and you‚Äôre the cause of your sickness, but it‚Äôs not truth.

Find out how easy it is to lose confidence when you‚Äôre not feeling well and how it should be the opposite because you can heal.

Learn about what happens after you heal and how people will see your wisdom.

Know how different life will be when looking back at the past when you were sick from the vantage of being healed.

Comment ANGELS to be DM‚Äôd the link to this powerful podcast episode."
medicalmedium,https://www.instagram.com/medicalmedium/reel/DK5Az_iuk6q/,"6/14/2025, 11:13:38 AM",7316,104,"Your Healing Is Holy: You‚Äôre Seen From Above

Comment HEAL to be DM‚Äôd a link to this latest, eye-opening podcast episode.

If you are struggling with chronic illness, always remember that your body is working hard for you every day, fighting for you to heal, and that your body has your back and loves you unconditionally. Always know that you are a good person. Pat yourself on the back and always have compassion for yourself. Do not judge yourself because you became ill. You did not create your illness and you do not deserve to be chronically ill. 

It‚Äôs hard to have clarity when a person can‚Äôt find the answers they need to complete deep healing. It‚Äôs hard to keep clarity when others do not know their suffering and struggles and it‚Äôs sometimes hard to see straight when someone is in pain, fighting for their lives on an hourly basis, but always remember: you can heal and healing is what your body understands. Every little powerful tool you apply to your health rings through your body and sounds off your healing powers. Your body holds these healing powers and they are always there, ready to be ignited. 

As you go to bed at night, remember there is an audience and you are not truly alone. Call upon the angels and ask them to be by your bedside‚Äîthey are watching you and when you wake up in the morning, know that God is there watching over you and knows about your struggles. He sees you throughout the night and knows you are working hard every day on your healing. God knows what a good soul you are and what kind of soul you are. Chronic illness does not govern over every aspect of who you are but instead becomes a profound spiritual growth experience that can only come from the struggles of once being sick. Just around the corner comes the day you will look back at it all while being healthy again‚Äîyou will see it from a distance and have a knowing wisdom to carry throughout this lifetime.

Comment HEAL to be DM‚Äôd a link to this latest, eye-opening podcast episode."
medicalmedium,https://www.instagram.com/medicalmedium/reel/DK4vmskuEGZ/,"6/14/2025, 8:43:17 AM",4545,102,"For People That Are Broken, Lost & Hopeless

Thank you Esmeralda for being there and for sharing your storyüôèüèª‚ô•Ô∏èüïäÔ∏è
¬†
Comment HOPE for a link to more info on how to heal"
medicalmedium,https://www.instagram.com/medicalmedium/p/DKy2uXVO4_W/,"6/12/2025, 1:48:51 AM",3352,63,"Aloe Vera reduces acidity in the bodyüåü

Learn how to cleanse and heal in my book Cleanse To Heal available on Amazon, Barnes & Noble, Walmart, Target, and anywhere books are soldüíó

Has Aloe Vera ever helped you?"
medicalmedium,https://www.instagram.com/medicalmedium/p/DK6-gAmOtxG/,"6/15/2025, 5:30:43 AM",4588,40,"Wild blueberries improve and strengthen eyesightüåü

Learn all about our most complex organ‚Äîthe brain‚Äîand dive deep into why people all over the world are suffering with mental health and brain-related symptoms and conditions, along with comprehensive guidance on how to heal in¬†Medical Medium Brain Saver and¬†Brain Saver Protocols, Cleanses & Recipes available on Amazon, Barnes & Noble, Walmart, Target, and anywhere books are soldüíó

Have your eyes improved since eating wild blueberries?"
medicalmedium,https://www.instagram.com/medicalmedium/reel/DLAUJOaOqEU/,"6/17/2025, 7:17:22 AM",2219,36,"Carrot, Zucchini, & Potato Patties {Gluten-Free, Dairy-Free, & Fat-Free} A Cleanse To Heal Recipe

These veggie patties are so incredibly versatile that you can make them a regular lunch or dinner choice without getting bored. Try them over a salad, with steamed vegetables, topped with salsa, in a lettuce or cabbage leaf, dipped into the natural ketchup recipe in Cleanse to Heal, or any other way you can dream up.

Zucchini: Soothing to the intestinal tract walls, pushing out pathogens such as bacteria and fungus, allowing for better absorption of nutrients that can be sent up to the liver. Zucchini is a beneficial gallbladder food, containing phytochemicals that actually reduce gallbladder inflammation.

Potatoes: Abundant in amino acids that specifically inhibit viral growth. Potatoes are high in glucose that provides substance to the liver, as it‚Äôs precisely what the liver relies on to keep strong. Potatoes keep the liver grounded and stable, giving us a good constitution.

Carrot, Zucchini and Potato Patties

Ingredients:

2 potatoes
2 carrots
1 zucchini
1 teaspoon garlic powder
1 teaspoon onion powder
1 teaspoon dried oregano
1 teaspoon paprika

Directions:

Add 3 inches of water to a medium-sized pot, bring it to a boil, and add a steaming basket. Place the potatoes and carrots in the basket, cover, and steam for 15 to 20 minutes, until tender. Remove from heat and cool completely.

Preheat oven to 350¬∞F. Line a baking sheet with parchment paper.

Grate the zucchini and place it in a muslin cloth or nut milk bag to squeeze out all the water. Make sure that the zucchini is very dry; otherwise it will take the patties longer to crisp up in the oven. Add it to a mixing bowl. Grate the potatoes and carrots and place them in the bowl with the grated zucchini. Add the garlic powder, onion powder, dried oregano, and paprika and mix until combined.

Form the mixture into about 8 patties and place them on the baking sheet. Place in the oven and cook for 45 to 60 minutes, until browned and crispy, flipping them halfway through. Allow the patties to cool for 10 to 15 minutes before eating so they firm up.

Comment RECIPE for a link to be sent to you now"
medicalmedium,https://www.instagram.com/medicalmedium/p/DK4bRQDObr6/,"6/14/2025, 5:44:23 AM",4897,33,"Apples help the body recover from stressüåü

Learn all about our most complex organ‚Äîthe brain‚Äîand dive deep into why people all over the world are suffering with mental health and brain-related symptoms and conditions, along with comprehensive guidance on how to heal in¬†Medical Medium Brain Saver and¬†Brain Saver Protocols, Cleanses & Recipes available on Amazon, Barnes & Noble, Walmart, Target, and anywhere books are soldüíó

Have you been stressed out lately?"
medicalmedium,https://www.instagram.com/medicalmedium/p/DK10Cg4OR9P/,"6/13/2025, 5:23:07 AM",5429,33,"Cherries cleanse the urinary tract and bladderüåü

Learn how to cleanse and heal in my book Cleanse To Heal available on Amazon, Barnes & Noble, Walmart, Target, and anywhere books are soldüíó

Do like fresh cherries?"
medicalmedium,https://www.instagram.com/medicalmedium/p/DK9S-OYOBfz/,"6/16/2025, 3:08:05 AM",5153,23,"Cherries help repair stress damageüåü

Learn all about our most complex organ‚Äîthe brain‚Äîand dive deep into why people all over the world are suffering with mental health and brain-related symptoms and conditions, along with comprehensive guidance on how to heal in¬†Medical Medium Brain Saver and¬†Brain Saver Protocols, Cleanses & Recipes available on Amazon, Barnes & Noble, Walmart, Target, and anywhere books are soldüíó

Do you feel better when you eat cherries?üçí"
medicalmedium,https://www.instagram.com/medicalmedium/p/DLAEVi6u6nk/,"6/17/2025, 4:57:55 AM",2359,22,"Nettle leaf helps heal adrenal fatigueüåü

Learn how to cleanse and heal in my book Cleanse To Heal available on Amazon, Barnes & Noble, Walmart, Target, and anywhere books are soldüíó

Have you tried nettle leaf either fresh, dried, tincture, capsule or tea?"